<application>
  <component name="ProjectManager">
    <defaultProject>
      <component name="AnalysisProjectProfileManager">
        <option name="PROJECT_PROFILE" />
        <option name="USE_PROJECT_LEVEL_SETTINGS" value="false" />
        <list size="0" />
      </component>
      <component name="InspectionProjectProfileManager">
        <option name="PROJECT_PROFILE" />
        <version value="1.0" />
      </component>
      <component name="PropertiesComponent">
        <property name="nodejs_interpreter_path" value="C:/Program Files/nodejs/node" />
        <property name="settings.editor.selected.configurable" value="reference.settings.project.maven.importing" />
      </component>
      <component name="SuppressionsComponent">
        <option name="suppComments" value="[]" />
      </component>
    </defaultProject>
  </component>
</application>