<keymap version="1" name="macOS copy" parent="Mac OS X 10.5+">
  <action id="$Delete">
    <keyboard-shortcut first-keystroke="delete" />
  </action>
  <action id="Arrangement.Rule.Remove">
    <keyboard-shortcut first-keystroke="delete" />
    <keyboard-shortcut first-keystroke="meta back_space" />
  </action>
  <action id="CommentByBlockComment">
    <keyboard-shortcut first-keystroke="shift meta slash" />
  </action>
  <action id="DomCollectionControl.Remove">
    <keyboard-shortcut first-keystroke="delete" />
    <keyboard-shortcut first-keystroke="meta back_space" />
  </action>
  <action id="EditorBackSpace">
    <keyboard-shortcut first-keystroke="back_space" />
  </action>
  <action id="EditorLookupDown" />
  <action id="EditorSelectWord">
    <keyboard-shortcut first-keystroke="ctrl w" />
  </action>
  <action id="ExternalSystem.DetachProject">
    <keyboard-shortcut first-keystroke="delete" />
    <keyboard-shortcut first-keystroke="meta back_space" />
  </action>
  <action id="Images.Thumbnails.UpFolder" />
  <action id="UsageView.Exclude">
    <keyboard-shortcut first-keystroke="delete" />
    <keyboard-shortcut first-keystroke="meta back_space" />
  </action>
  <action id="XDebugger.RemoveWatch">
    <keyboard-shortcut first-keystroke="delete" />
    <keyboard-shortcut first-keystroke="meta back_space" />
  </action>
</keymap>